prompt,sft_response,dpo_response
"Given the following contractual clause which falls in the category of Cap On Liability, provide judicial reasoning of the kind a court would apply when interpreting clauses that raise similar legal questions:

No action,                   case, suit or proceeding, regardless of form, arising out of                   or related to this Agreement, may be brought by either party                   more than one (1) year after the cause of action has arisen,                   or in the case of nonpayment, more than two (2) years from the                   date of the last payment.","The Court of Appeals held that the
“[a]greement to arbitrate is a contract, and as with any contract, the
parties may agree to limit the time within which suits may be
brought.” Id. at 1001. The Court of Appeals also held that the
“[a]greement to arbitrate is a contract, and as with any contract, the
parties may agree to limit the time within which suits may be
brought.” Id. at 1001. The Court of Appeals also held that the
“[a]greement to arbitrate is a contract, and as with any contract, the
parties may agree to limit the time within which suits may be
brought.” Id. at 1001. The Court of Appeals also held that the
“[a]greement to arbitrate is a contract, and as with any contract, the
parties may agree to limit the time within which suits may be
brought.” Id. at 1001. The Court of Appeals also held that the
“[a]greement to arbitrate is a contract, and as with any contract, the
parties may agree to limit the time within which suits may be
brought.” Id. at 1001. The Court of Appeals also held that the
“[a]greement to arbitrate is a contract, and as with any contract, the
parties may agree to limit the time within which suits may be
brought.” Id. at 1001. The Court of Appeals also held that the
“[a]greement to arbitrate is a contract, and as with any contract, the
parties may agree to limit the time within which suits may be
brought.” Id. at 1001. The Court of Appeals also held that the
“[a]greement to arbitrate is a contract, and as with any contract, the
parties may agree to limit the time within which suits may be
brought.” Id. at 1001. The Court of Appeals also held that the
“[a]greement to arbitrate is a contract, and as with any contract, the
parties may agree to limit the time within which suits may be
brought.” Id. at 1001. The Court of Appeals also held that the
“[a]greement to arbitrate is a contract, and as with any contract","The Court of Appeals held that the parties’ agreement to arbitrate was not

invalidated by the fact that the parties had not signed the arbitration agreement. The

Court of Appeals also held that the parties’ agreement to arbitrate was not invalidated

by the fact that the parties had not signed the arbitration agreement. The Court of

Appeals also held that the parties’ agreement to arbitrate was not invalidated by the

fact that the parties had not signed the arbitration agreement. The Court of Appeals

also held that the parties’ agreement to arbitrate was not invalidated by the fact that

the parties had not signed the arbitration agreement. The Court of Appeals also held

that the parties’ agreement to arbitrate was not invalidated by the fact that the parties

had not signed the arbitration agreement. The Court of Appeals also held that the

parties’ agreement to arbitrate was not invalidated by the fact that the parties had not

signed the arbitration agreement. The Court of Appeals also held that the parties’ agreement to arbitrate was not

invalidated by the fact that the parties had not signed the arbitration agreement. The

Court of Appeals also held that the parties’ agreement to arbitrate was not invalidated

by the fact that the parties had not signed the arbitration agreement. The Court of

Appeals also held that the parties’ agreement to arbitrate was not invalidated by the

fact that the parties had not signed the arbitration agreement. The Court of Appeals

also held that the parties’ agreement to arbitrate was not invalidated by the fact that

the parties had not signed the arbitration agreement. The Court of Appeals also held

that the parties’ agreement to arbitrate was not invalidated by the fact that the parties

had not signed the arbitration agreement. The Court of Appeals also held that the

parties’ agreement to arbitrate was not invalidated by the fact that the parties had not

signed the arbitration agreement. The Court of Appeals also held that the parties’ agreement to arbitrate was not

invalidated by the fact that the parties had not signed the arbitration agreement. The

Court of Appeals also held that the parties’ agreement to arbitrate was not invalidated

by the fact that the parties had not signed the arbitration agreement. The Court of

Appeals also held that the parties’ agreement to arbitrate was not invalidated by the

fact that the parties had not signed the arbitration agreement. The Court of Appeals

also held that the parties’ agreement to arbitrate was not invalidated by the fact that

the parties had not signed"
"Given the following contractual clause which falls in the category of Cap On Liability, provide judicial reasoning of the kind a court would apply when interpreting clauses that raise similar legal questions:

In no event shall either party be liable to the other for the recovery of any special, indirect or consequential damages even if the defendant party had been advised of the possibility of such damages including but not limited to lost profits, lost revenues, failure to realize expected savings, loss of data and loss of use.","The Court of Appeals held that the
“[a]greement” clause was not a contract, but rather a
“mere recitation of the parties’ intent to enter into a
contract.” Id. The Court of Appeals also held that the
“[a]greement” clause was not a contract because it
“[did] not contain any of the essential elements of a
contract.” Id. The Court of Appeals held that the
“[a]greement” clause was not a contract because it
“[did] not contain any of the essential elements of a
contract.” Id. The Court of Appeals held that the
“[a]greement” clause was not a contract because it
“[did] not contain any of the essential elements of a
contract.” Id. The Court of Appeals held that the
“[a]greement” clause was not a contract because it
“[did] not contain any of the essential elements of a
contract.” Id. The Court of Appeals held that the
“[a]greement” clause was not a contract because it
“[did] not contain any of the essential elements of a
contract.” Id. The Court of Appeals held that the
“[a]greement” clause was not a contract because it
“[did] not contain any of the essential elements of a
contract.” Id. The Court of Appeals held that the
“[a]greement” clause was not a contract because it
“[did] not contain any of the essential elements of a
contract.” Id. The Court of Appeals held that the
“[a]greement” clause was not a contract because it
“[did] not contain any of the essential elements of a
contract.” Id. The Court of Appeals held that the
“[a]greement” clause was not a contract because it
“[did] not contain any of the essential elements of a
contract.” Id. The Court of Appeals held that the
“[a]greement” clause was not a contract because it
“[did] not contain any of the essential elements of a
contract.” Id. The Court of Appeals held that the
“[a]greement” clause was not a contract because it
“[did] not contain any of the essential elements of a
contract.” Id. The Court of Appeals held that the
“[a]greement” clause was","The Court of Appeals held that the parties’ agreement to arbitrate was not

invalidated by the fact that the parties had not agreed to arbitrate the issue of whether

the parties had agreed to arbitrate. The Court of Appeals also held that the parties’ agreement to arbitrate was not

invalidated by the fact that the parties had not agreed to arbitrate the issue of whether

the parties had agreed to arbitrate. The Court of Appeals also held that the parties’ agreement to arbitrate was not

invalidated by the fact that the parties had not agreed to arbitrate the issue of whether

the parties had agreed to arbitrate. The Court of Appeals also held that the parties’ agreement to arbitrate was not

invalidated by the fact that the parties had not agreed to arbitrate the issue of whether

the parties had agreed to arbitrate. The Court of Appeals also held that the parties’ agreement to arbitrate was not

invalidated by the fact that the parties had not agreed to arbitrate the issue of whether

the parties had agreed to arbitrate. The Court of Appeals also held that the parties’ agreement to arbitrate was not

invalidated by the fact that the parties had not agreed to arbitrate the issue of whether

the parties had agreed to arbitrate. The Court of Appeals also held that the parties’ agreement to arbitrate was not

invalidated by the fact that the parties had not agreed to arbitrate the issue of whether

the parties had agreed to arbitrate. The Court of Appeals also held that the parties’ agreement to arbitrate was not

invalidated by the fact that the parties had not agreed to arbitrate the issue of whether

the parties had agreed to arbitrate. The Court of Appeals also held that the parties’ agreement to arbitrate was not

invalidated by the fact that the parties had not agreed to arbitrate the issue of whether

the parties had agreed to arbitrate. The Court of Appeals also held that the parties’ agreement to arbitrate was not

invalidated by the fact that the parties had not agreed to arbitrate the issue of whether

the parties had agreed to arbitrate. The Court of Appeals also held that the parties’ agreement to arbitrate was not

invalidated by the fact that the parties had not agreed to arbitrate the issue of whether

the parties had agreed to arbitrate. The Court of Appeals also held that the parties’ agreement to arbitrate was not

invalidated by the fact that the parties had not agreed to"
"Given the following contractual clause which falls in the category of Cap On Liability, provide judicial reasoning of the kind a court would apply when interpreting clauses that raise similar legal questions:

Except for claims arising under section 6, in no event will either party be liable for any special, indirect, incidental or consequential damages.","The Court of Appeals held that the
“‘[a]greement’ [was] not a contract, but a
‘[p]romise to pay’” and that the “‘[a]greement’ [was] not
‘[a]n offer to pay’” but rather “‘[a]n offer to
enter into a contract to pay’” and that the “‘[a]greement’ [was] not
‘[a]n offer to pay’” but rather “‘[a]n offer to
enter into a contract to pay’” and that the
“‘[a]greement’ [was] not ‘[a]n offer to pay’” but
rather “‘[a]n offer to enter into a contract to
pay’” and that the “‘[a]greement’ [was] not
‘[a]n offer to pay’” but rather “‘[a]n offer to
enter into a contract to pay’” and that the
“‘[a]greement’ [was] not ‘[a]n offer to pay’” but
rather “‘[a]n offer to enter into a contract to
pay’” and that the “‘[a]greement’ [was] not
‘[a]n offer to pay’” but rather “‘[a]n offer to
enter into a contract to pay’” and that the
“‘[a]greement’ [was] not ‘[a]n offer to pay’” but
rather “‘[a]n offer to enter into a contract to
pay’” and that the “‘[a]greement’ [was] not
‘[a]n offer to pay’” but rather “‘[a]n offer to
enter into a contract to pay’” and that the
“‘[a]greement’ [was] not ‘[a]n offer to pay’” but
rather “‘[a]n offer to enter into a contract to
pay’” and that the “‘[a]greement’ [was] not
‘[a]n offer to pay’” but rather “‘[a]n offer to
enter into a contract to pay’” and that the
“‘[a]greement’ [was] not ‘[a]n offer to","The Court of Appeals held that the parties’ agreement to arbitrate was not

invalidated by the fact that the parties had not signed the arbitration agreement. The

Court of Appeals also held that the parties’ agreement to arbitrate was not invalidated

by the fact that the parties had not signed the arbitration agreement. The Court of Appeals also held that the parties’ agreement to arbitrate was not invalidated

by the fact that the parties had not signed the arbitration agreement. The Court of Appeals also held that the parties’ agreement to arbitrate was not invalidated

by the fact that the parties had not signed the arbitration agreement. The Court of Appeals also held that the parties’ agreement to arbitrate was not invalidated

by the fact that the parties had not signed the arbitration agreement. The Court of Appeals also held that the parties’ agreement to arbitrate was not invalidated

by the fact that the parties had not signed the arbitration agreement. The Court of Appeals also held that the parties’ agreement to arbitrate was not invalidated

by the fact that the parties had not signed the arbitration agreement. The Court of Appeals also held that the parties’ agreement to arbitrate was not invalidated

by the fact that the parties had not signed the arbitration agreement. The Court of Appeals also held that the parties’ agreement to arbitrate was not invalidated

by the fact that the parties had not signed the arbitration agreement. The Court of Appeals also held that the parties’ agreement to arbitrate was not invalidated

by the fact that the parties had not signed the arbitration agreement. The Court of Appeals also held that the parties’ agreement to arbitrate was not invalidated

by the fact that the parties had not signed the arbitration agreement. The Court of Appeals also held that the parties’ agreement to arbitrate was not invalidated

by the fact that the parties had not signed the arbitration agreement. The Court of Appeals also held that the parties’ agreement to arbitrate was not invalidated

by the fact that the parties had not signed the arbitration agreement. The Court of Appeals also held that the parties’ agreement to arbitrate was not invalidated

by the fact that the parties had not signed the arbitration agreement. The Court of Appeals also held that the parties’ agreement to arbitrate was not invalidated

by the fact that the parties had not signed the arbitration agreement. The Court of Appeals also held that the parties’ agreement to arbitrate was not invalidated

by the fact that the parties had not signed the arbitration agreement. The Court of Appeals also held that the parties’ agreement to arbitrate was"
